[
  {
    "id": "48a8e04c-32a8-43c3-8e72-c557d1ce6d70",
    "data": [
      {
        "text": "vai ser ",
        "userDefined": false
      },
      {
        "text": "20",
        "alias": "porcentagem",
        "meta": "@sys.number",
        "userDefined": false
      },
      {
        "text": "%",
        "userDefined": false
      }
    ],
    "isTemplate": false,
    "count": 0
  },
  {
    "id": "56423be7-6355-4c64-b730-26fbdcaa6b1b",
    "data": [
      {
        "text": "quero ",
        "userDefined": false
      },
      {
        "text": "20",
        "alias": "porcentagem",
        "meta": "@sys.number",
        "userDefined": false
      },
      {
        "text": "%",
        "userDefined": false
      }
    ],
    "isTemplate": false,
    "count": 0
  },
  {
    "id": "ad3fea53-8b11-4783-83a9-86af6d8c9f0a",
    "data": [
      {
        "text": "20",
        "alias": "porcentagem",
        "meta": "@sys.number",
        "userDefined": false
      },
      {
        "text": "%",
        "userDefined": false
      }
    ],
    "isTemplate": false,
    "count": 0
  }
]