[
  {
    "id": "b6f02de9-9646-4364-8ccc-98a07378ca22",
    "data": [
      {
        "text": "churrasco vegano",
        "userDefined": false
      }
    ],
    "isTemplate": false,
    "count": 0,
    "updated": 1516017336
  },
  {
    "id": "3cc58382-453b-41ab-bd99-3f9781551c0d",
    "data": [
      {
        "text": "Quero fazer ",
        "userDefined": false
      },
      {
        "text": "um",
        "meta": "@sys.ignore",
        "userDefined": false
      },
      {
        "text": " churrasco vegano",
        "userDefined": false
      }
    ],
    "isTemplate": false,
    "count": 0,
    "updated": 1516017336
  }
]