[
  {
    "id": "d915df89-1285-4979-b43e-063d2113e238",
    "data": [
      {
        "text": "demorou",
        "userDefined": false
      }
    ],
    "isTemplate": false,
    "count": 0
  },
  {
    "id": "409b7c09-0fd7-4c36-8be3-a5c594ae1a2d",
    "data": [
      {
        "text": "bora",
        "userDefined": false
      }
    ],
    "isTemplate": false,
    "count": 0
  },
  {
    "id": "240e7122-896b-4858-8776-69fd9e1a27c5",
    "data": [
      {
        "text": "vamos",
        "userDefined": false
      }
    ],
    "isTemplate": false,
    "count": 0
  },
  {
    "id": "5bc588ca-f724-4564-bc9d-a05fc9af1139",
    "data": [
      {
        "text": "Vou fazer ",
        "userDefined": false
      },
      {
        "text": "um",
        "meta": "@sys.ignore",
        "userDefined": false
      },
      {
        "text": " churrasco para ",
        "userDefined": false
      },
      {
        "text": "5",
        "alias": "totalPessoas",
        "meta": "@sys.number",
        "userDefined": false
      },
      {
        "text": " pessoas, de carne quero ",
        "userDefined": false
      },
      {
        "text": "picanha, asinha e linguiça",
        "alias": "carnes",
        "meta": "@sys.any",
        "userDefined": true
      }
    ],
    "isTemplate": false,
    "count": 0
  },
  {
    "id": "4aead35a-7d5f-4798-9e1c-eeafe6284d14",
    "data": [
      {
        "text": "sim",
        "userDefined": false
      }
    ],
    "isTemplate": false,
    "count": 0,
    "updated": 1515780467
  }
]