[
  {
    "value": "picanha",
    "synonyms": [
      "picanha"
    ]
  },
  {
    "value": "asa de frango",
    "synonyms": [
      "asa de frango",
      "asinha"
    ]
  },
  {
    "value": "lombo",
    "synonyms": [
      "lombo"
    ]
  },
  {
    "value": "linguiça",
    "synonyms": [
      "linguiça"
    ]
  },
  {
    "value": "alcatra",
    "synonyms": [
      "alcatra"
    ]
  },
  {
    "value": "contra filé",
    "synonyms": [
      "contra filé"
    ]
  },
  {
    "value": "filé mignon",
    "synonyms": [
      "filé mignon"
    ]
  }
]